{"cameraMode":{"drawMode":0,"name":"Shaded","section":"Shading Mode"},"sceneLighting":true,"audioPlay":false,"sceneViewState":{"m_AlwaysRefresh":false,"showFog":true,"showSkybox":true,"showFlares":true,"showImageEffects":true,"showParticleSystems":true,"showVisualEffectGraphs":true,"m_FxEnabled":true},"in2DMode":false,"pivot":{"x":353.4239501953125,"y":186.17115783691407,"z":-264.2900695800781},"rotation":{"x":-0.025732027366757394,"y":0.16865117847919465,"z":-0.00435884203761816,"w":-0.9853681325912476},"size":0.2268478125333786,"orthographic":false}